GA5,GA10,GA15,GA,GO5,GO10,GO15,GO,MA5,MA10,MA15,MA,MS5,MS10,MS15,MS,aa
924.933,924.523,924.532,921.97,990.912,990.499,990.683,992.079,72.864,72.8302,72.8285,72.92,57.0698,57.0478,57.055,57.135,1
924.739,924.147,923.957,922.57,991.023,990.688,990.967,991.8,72.8685,72.8395,72.8429,72.8894,57.0777,57.0706,57.0893,57.17,2
924.545,923.788,923.411,922.058,991.135,990.881,991.228,992.07,72.8742,72.85,72.8575,72.91,57.0855,57.0928,57.1225,57.16,3
924.353,923.451,922.928,921.89,991.247,991.077,991.45,992.17,72.8809,72.8616,72.8717,72.92,57.0932,57.1137,57.1533,57.22,4
924.163,923.141,922.534,921.02,991.36,991.272,991.622,992.2,72.8887,72.8738,72.8853,72.83,57.1007,57.1329,57.1805,57.22,5
923.975,922.863,922.247,921.195,991.473,991.464,991.742,991.3201,72.8976,72.8863,72.8981,72.83,57.108,57.1499,57.2031,57.28,6
923.791,922.62,922.068,920.65,991.585,991.65,991.813,991.5,72.9073,72.8989,72.9105,72.88,57.1151,57.1644,57.2203,57.242,7
923.61,922.413,921.99,922.06,991.696,991.828,991.848,992.3,72.9178,72.9114,72.9228,72.92,57.122,57.1761,57.2318,57.27,8
923.433,922.243,921.992,922.89,991.806,991.996,991.863,992.01,72.929,72.9236,72.9353,73.01,57.1286,57.1852,57.2375,57.27,9
923.261,922.111,922.048,922.555,991.914,992.154,991.879,991.05,72.9406,72.9356,72.9484,72.94,57.1349,57.1916,57.2376,57.225,10
923.094,922.014,922.128,922.655,992.021,992.3,991.915,991.4601,72.9524,72.9472,72.9621,73,57.1409,57.1955,57.2326,57.24,11
922.932,921.95,922.206,923.31,992.126,992.435,991.987,991.655,72.9644,72.9586,72.9766,72.9878,57.1465,57.1972,57.2236,57.1854,12
922.776,921.915,922.261,922.21,992.228,992.559,992.104,991.96,72.9762,72.9698,72.9914,72.95,57.1517,57.1971,57.2114,57.165,13
922.626,921.906,922.28,921.5,992.329,992.672,992.27,992.39,72.9877,72.9809,73.0062,72.98,57.1564,57.1957,57.1974,57.15,14
922.483,921.918,922.262,921.98,992.426,992.774,992.478,992.4148,72.9987,72.9921,73.0203,72.99,57.1608,57.1934,57.1828,57.155,15
922.347,921.944,922.215,922.325,992.522,992.868,992.716,993.139,73.009,73.0034,73.033,73.03,57.1647,57.1906,57.1688,57.14,16
922.219,921.981,922.151,921.63,992.615,992.954,992.964,992.91,73.0185,73.0147,73.0438,73.075,57.1681,57.1878,57.1568,57.1266,17
922.097,922.022,922.089,922.205,992.705,993.034,993.203,993.11,73.027,73.0261,73.0521,73.1,57.171,57.1852,57.1475,57.145,18
921.984,922.061,922.043,921.65,992.793,993.108,993.411,993.555,73.0345,73.0374,73.0577,73.07,57.1734,57.1833,57.1417,57.14,19
921.878,922.095,922.026,922.115,992.879,993.178,993.572,993.159,73.0409,73.0485,73.0607,73.07,57.1753,57.182,57.1398,57.14,20
921.78,922.12,922.043,921.405,992.962,993.246,993.676,993.39,73.0461,73.0592,73.0615,73.01,57.1766,57.1815,57.1418,57.19,21
921.691,922.131,922.09,922.3,993.043,993.311,993.72,993.29,73.0501,73.0692,73.0606,73.03,57.1774,57.1818,57.1476,57.17,22
921.61,922.127,922.157,922.78,993.123,993.375,993.711,993.6753,73.0531,73.0781,73.0588,73.04,57.1776,57.1827,57.1564,57.24,23
921.536,922.105,922.228,921.49,993.2,993.437,993.66,993.7899,73.0549,73.0857,73.057,73.0116,57.1773,57.1839,57.1676,57.218,24
921.472,922.066,922.285,921.8,993.275,993.499,993.586,994.379,73.0558,73.0917,73.0558,73.07,57.1765,57.1852,57.1799,57.23,25
921.415,922.01,922.309,922.46,993.35,993.56,993.509,993.93,73.0558,73.0957,73.0558,73.07,57.175,57.1861,57.1924,57.18,26
921.366,921.938,922.287,922.28,993.423,993.62,993.447,993.8256,73.0551,73.0977,73.0571,73.11,57.1731,57.1865,57.2036,57.2,27
921.325,921.854,922.212,922.63,993.495,993.679,993.416,993.44,73.0537,73.0974,73.0598,73.11,57.1706,57.1858,57.2125,57.18,28
921.292,921.759,922.084,922.91,993.566,993.735,993.427,992.77,73.0519,73.0949,73.0633,73.06,57.1676,57.1837,57.2181,57.1848,29
921.267,921.657,921.912,922.8825,993.636,993.789,993.482,993.375,73.0497,73.0902,73.0669,73.07,57.164,57.1801,57.2194,57.18,30
921.249,921.553,921.71,921.865,993.707,993.839,993.576,993.27,73.0473,73.0835,73.0698,73.05,57.1599,57.1746,57.216,57.2175,31
921.238,921.451,921.496,921.8,993.777,993.886,993.7,993.3553,73.0448,73.075,73.071,73.03,57.1554,57.1673,57.2076,57.2,32
921.234,921.355,921.288,921.02,993.847,993.928,993.838,993.39,73.0423,73.0652,73.0697,73.06,57.1504,57.1581,57.1942,57.15,33
921.236,921.27,921.103,921.345,993.918,993.967,993.973,993.52,73.04,73.0545,73.0653,73.09,57.1449,57.1473,57.1762,57.15,34
921.245,921.198,920.953,921.945,993.989,994.001,994.092,994.12,73.0378,73.0433,73.0577,73.085,57.139,57.1349,57.1545,57.14,35
921.259,921.143,920.846,921.1142,994.06,994.031,994.181,994.9,73.0359,73.0321,73.047,73.09,57.1327,57.1214,57.1299,57.13,36
921.279,921.107,920.783,920.95,994.133,994.058,994.234,994.97,73.0342,73.0214,73.034,73.0669,57.126,57.1072,57.1035,57.12,37
921.304,921.093,920.761,920.54,994.206,994.082,994.252,994.65,73.0327,73.0116,73.0195,73.06,57.119,57.0927,57.0768,57.08,38
921.334,921.101,920.774,920.02,994.281,994.106,994.239,994.8884,73.0314,73.0031,73.0049,72.98,57.1116,57.0785,57.0509,57.06,39
921.368,921.131,920.813,920.24,994.356,994.129,994.206,994.415,73.0302,72.9961,72.9915,72.98,57.104,57.0649,57.0271,57.0652,40
921.406,921.183,920.874,920.17,994.433,994.153,994.166,994.76,73.0291,72.9907,72.9804,72.97,57.0961,57.0525,57.0066,57.02,41
921.448,921.254,920.953,920.15,994.51,994.181,994.134,993.8,73.0278,72.987,72.9728,72.94,57.088,57.0416,56.9901,57.015,42
921.492,921.341,921.047,921.005,994.589,994.214,994.121,994.19,73.0264,72.9848,72.9693,72.91,57.0796,57.0326,56.9784,57,43
921.54,921.443,921.158,921.36,994.668,994.254,994.137,994,73.0246,72.984,72.9699,72.93,57.0712,57.0256,56.9718,56.96,44
921.589,921.556,921.29,921.6893,994.749,994.301,994.188,993.95,73.0224,72.9842,72.9744,72.93,57.0625,57.0208,56.9702,56.92,45
921.64,921.674,921.444,921.395,994.83,994.359,994.273,994.16,73.0196,72.985,72.9819,72.98,57.0538,57.018,56.9734,56.915,46
921.693,921.796,921.622,921.85,994.912,994.427,994.387,994.27,73.0162,72.986,72.9912,73.003,57.0451,57.0172,56.9807,56.94,47
921.747,921.916,921.821,922.08,994.994,994.507,994.523,994.5649,73.0119,72.9867,73.0008,72.99,57.0363,57.0179,56.9912,56.97,48
921.801,922.031,922.035,922.765,995.076,994.599,994.671,994.62,73.0068,72.9866,73.0094,73.04,57.0275,57.02,57.004,57.015,49
921.856,922.137,922.254,922.5644,995.158,994.704,994.82,994.365,73.0007,72.9854,73.0153,73.015,57.0188,57.0227,57.0177,57.005,50
921.911,922.232,922.465,922.45,995.24,994.821,994.964,994.81,72.9937,72.9826,73.0175,73,57.0101,57.0258,57.0313,57.07,51
921.965,922.313,922.654,922.93,995.321,994.948,995.095,995.3954,72.9857,72.9781,73.0152,73.02,57.0016,57.0285,57.0435,57.07,52
922.019,922.38,922.807,923.125,995.4,995.086,995.213,994.954,72.9768,72.9718,73.0081,73.03,56.9932,57.0304,57.0533,57.0797,53
922.072,922.43,922.913,923.12,995.479,995.232,995.319,995.5785,72.967,72.9635,72.9962,73,56.9849,57.031,57.0598,57.075,54
922.124,922.465,922.967,923.065,995.555,995.383,995.417,995.21,72.9564,72.9535,72.9802,72.98,56.9769,57.0298,57.0624,57.0575,55
922.175,922.484,922.967,923.24,995.629,995.539,995.512,995.5696,72.9451,72.942,72.9609,72.99,56.9691,57.0265,57.0606,57.015,56
922.224,922.491,922.919,923.12,995.701,995.695,995.612,996.09,72.9334,72.9294,72.9396,72.99,56.9615,57.0208,57.0544,57.03,57
922.272,922.486,922.832,922.82,995.77,995.849,995.72,995.97,72.9212,72.9159,72.9173,72.95,56.9543,57.0127,57.0439,57.03,58
922.318,922.472,922.719,922.01,995.836,995.999,995.84,996.1,72.9089,72.9022,72.8953,72.9,56.9473,57.0023,57.0295,57.04,59
922.362,922.453,922.594,921.73,995.897,996.14,995.973,996.48,72.8966,72.8886,72.8746,72.87,56.9406,56.9895,57.0118,57.02,60
922.404,922.432,922.472,922,995.955,996.271,996.114,996.24,72.8844,72.8757,72.8561,72.8,56.9343,56.9748,56.9916,57.01,61
922.444,922.411,922.364,922.26,996.008,996.389,996.26,995.77,72.8726,72.8638,72.8403,72.805,56.9283,56.9585,56.9699,57,62
922.483,922.395,922.278,922.245,996.057,996.492,996.402,996.0152,72.8614,72.8533,72.8275,72.85,56.9227,56.9411,56.9475,57,63
922.52,922.386,922.218,921.92,996.1,996.577,996.534,996.4592,72.8509,72.8444,72.8178,72.8345,56.9174,56.9231,56.9253,56.94,64
922.555,922.386,922.186,921.73,996.138,996.643,996.648,997.15,72.8413,72.8374,72.811,72.855,56.9126,56.9052,56.9044,56.87,65
922.588,922.397,922.181,922.15,996.17,996.69,996.738,996.91,72.8327,72.8321,72.8069,72.785,56.9081,56.8878,56.8853,56.9,66
922.62,922.421,922.199,922.08,996.196,996.716,996.8,996.57,72.8251,72.8286,72.805,72.805,56.904,56.8715,56.8687,56.87,67
922.651,922.458,922.239,922.445,996.216,996.722,996.831,996.61,72.8187,72.8265,72.8051,72.805,56.9003,56.8569,56.8549,56.85,68
922.68,922.507,922.297,922.2,996.23,996.708,996.833,996.43,72.8135,72.8257,72.8069,72.78,56.8971,56.8444,56.8443,56.87,69
922.709,922.569,922.374,922.71,996.237,996.675,996.806,996.98,72.8095,72.8258,72.8098,72.8,56.8942,56.8343,56.8368,56.82,70
922.737,922.64,922.468,922.84,996.237,996.625,996.754,996.54,72.8066,72.8263,72.8135,72.78,56.8917,56.8268,56.8323,56.85,71
922.765,922.72,922.578,922.74,996.231,996.56,996.68,996.42,72.8048,72.8268,72.8178,72.8,56.8896,56.8221,56.8306,56.83,72
922.792,922.805,922.703,922.5,996.218,996.48,996.586,996.44,72.804,72.827,72.8221,72.84,56.8879,56.8201,56.8313,56.8407,73
922.82,922.892,922.839,922.51,996.199,996.39,996.477,996.23,72.804,72.8264,72.826,72.79,56.8865,56.8208,56.834,56.845,74
922.848,922.978,922.978,923.03,996.172,996.29,996.354,996.16,72.8047,72.8249,72.829,72.8,56.8855,56.8239,56.8381,56.8534,75
922.878,923.059,923.113,923.25,996.14,996.185,996.219,995.78,72.806,72.8222,72.8306,72.83,56.8848,56.8291,56.8433,56.85,76
922.908,923.133,923.232,923.41,996.101,996.075,996.075,996.24,72.8077,72.8182,72.8304,72.86,56.8845,56.8361,56.8491,56.8695,77
922.94,923.196,923.324,923.12,996.056,995.964,995.925,995.6802,72.8096,72.8129,72.828,72.855,56.8844,56.8445,56.8553,56.85,78
922.973,923.246,923.38,922.85,996.005,995.853,995.772,996.04,72.8115,72.8064,72.8231,72.83,56.8847,56.8539,56.8615,56.865,79
923.009,923.282,923.392,922.76,995.948,995.745,995.622,995.77,72.8133,72.7989,72.8159,72.8357,56.8852,56.8638,56.8675,56.875,80
923.047,923.301,923.36,922.81,995.887,995.64,995.481,995.58,72.8148,72.7908,72.8065,72.79,56.8859,56.874,56.8734,56.82,81
923.088,923.305,923.289,922.8332,995.82,995.54,995.355,994.79,72.8159,72.7822,72.7953,72.8,56.8869,56.884,56.879,56.8564,82
923.133,923.293,923.188,923.5,995.749,995.446,995.249,995.31,72.8166,72.7737,72.7832,72.8,56.888,56.8936,56.8846,56.86,83
923.181,923.267,923.074,923.19,995.674,995.359,995.167,994.72,72.8166,72.7655,72.771,72.805,56.8894,56.9025,56.8901,56.88,84
923.232,923.229,922.964,923.145,995.596,995.278,995.113,994.81,72.816,72.7579,72.7596,72.8,56.8908,56.9107,56.8956,56.855,85
923.288,923.183,922.877,922.76,995.514,995.204,995.086,995.22,72.8147,72.7513,72.75,72.76,56.8924,56.9179,56.9013,56.88,86
923.348,923.132,922.825,922.85,995.43,995.135,995.081,995.12,72.8128,72.7459,72.7428,72.75,56.8941,56.9242,56.9073,56.91,87
923.413,923.08,922.82,922.6176,995.343,995.072,995.093,995.1787,72.8103,72.7419,72.7385,72.76,56.8958,56.9297,56.9135,56.95,88
923.483,923.032,922.862,923.22,995.256,995.013,995.113,994.9,72.8072,72.7392,72.7373,72.71,56.8976,56.9343,56.9199,56.94,89
923.557,922.994,922.948,923.58,995.167,994.957,995.13,995.15,72.8037,72.7379,72.7391,72.71,56.8994,56.9383,56.9264,56.94,90
923.637,922.969,923.065,923.1919,995.078,994.905,995.135,995.5,72.7998,72.7378,72.7432,72.725,56.9012,56.9416,56.9328,56.94,91
923.722,922.962,923.197,923.38,994.988,994.853,995.119,995.27,72.7957,72.7388,72.749,72.7701,56.9029,56.9445,56.9389,56.935,92
923.813,922.979,923.329,923.36,994.9,994.803,995.076,995.27,72.7915,72.7408,72.7553,72.74,56.9046,56.9469,56.9446,56.925,93
923.909,923.022,923.445,923.98,994.813,994.752,995.002,995.1,72.7874,72.7433,72.7612,72.71,56.9062,56.949,56.9494,56.91,94
924.011,923.095,923.537,924.045,994.727,994.701,994.9,994.74,72.7835,72.7463,72.7658,72.78,56.9077,56.9509,56.9532,56.91,95
924.119,923.2,923.604,923.81,994.644,994.649,994.774,994.83,72.7799,72.7494,72.7683,72.79,56.9091,56.9525,56.9557,56.925,96
924.232,923.338,923.653,924.07,994.563,994.595,994.634,994.44,72.7767,72.7525,72.7684,72.78,56.9103,56.9537,56.9569,56.945,97
924.35,923.51,923.699,924.16,994.486,994.54,994.488,994.6,72.7741,72.7554,72.766,72.76,56.9113,56.9546,56.9565,56.97,98
924.475,923.715,923.762,924.4999,994.412,994.484,994.347,994.455,72.7722,72.758,72.7616,72.7665,56.9122,56.955,56.9546,56.945,99
924.604,923.95,923.864,924.18,994.342,994.428,994.223,994.13,72.7709,72.7605,72.7558,72.74,56.9129,56.9548,56.9512,56.97,100
924.739,924.214,924.025,924.55,994.276,994.371,994.121,994.19,72.7703,72.7627,72.7497,72.75,56.9134,56.9538,56.9464,56.96,101
924.878,924.502,924.258,924.96,994.215,994.314,994.048,994.26,72.7704,72.7648,72.7442,72.7145,56.9136,56.952,56.9406,56.96,102
925.023,924.81,924.567,924.95,994.159,994.259,994.004,994.164,72.7712,72.767,72.7405,72.74,56.9136,56.9492,56.9339,56.945,103
925.172,925.133,924.947,924.63,994.108,994.206,993.987,994.25,72.7726,72.7695,72.7395,72.75,56.9134,56.9454,56.9266,56.945,104
925.325,925.466,925.381,924.84,994.062,994.155,993.993,994.3799,72.7746,72.7724,72.7416,72.71,56.913,56.9405,56.919,56.9,105
925.482,925.802,925.844,924.73,994.022,994.108,994.014,994.0346,72.7769,72.7759,72.7471,72.73,56.9122,56.9345,56.9115,56.92,106
925.642,926.136,926.306,925.83,993.987,994.065,994.043,994.2,72.7796,72.7802,72.7558,72.73,56.9113,56.9274,56.9043,56.92,107
925.806,926.463,926.738,925.955,993.958,994.026,994.072,994.45,72.7824,72.7853,72.7672,72.7201,56.9101,56.9195,56.8977,56.91,108
925.972,926.777,927.113,926.41,993.934,993.993,994.096,994.18,72.7853,72.7913,72.7804,72.75,56.9086,56.9107,56.8917,56.9,109
926.141,927.073,927.413,927,993.916,993.965,994.111,994.21,72.788,72.798,72.7945,72.8,56.9069,56.9014,56.8865,56.91,110
926.311,927.348,927.63,927.47,993.903,993.942,994.114,994,72.7904,72.8053,72.8083,72.835,56.9049,56.8917,56.8821,56.899,111
926.483,927.598,927.768,927.83,993.895,993.924,994.106,993.87,72.7924,72.8129,72.8209,72.89,56.9027,56.8818,56.8785,56.89,112
926.656,927.82,927.84,927.85,993.893,993.912,994.088,994.1,72.7939,72.8204,72.8315,72.9,56.9003,56.872,56.8754,56.8875,113
926.829,928.014,927.868,927.8801,993.895,993.905,994.064,994.59,72.7947,72.8276,72.8396,72.9001,56.8977,56.8626,56.8727,56.905,114
927.002,928.178,927.874,927.46,993.902,993.902,994.037,994.04,72.7947,72.8339,72.845,72.87,56.8948,56.8538,56.8703,56.86,115
927.174,928.314,927.883,927.6,993.914,993.904,994.009,993.71,72.7939,72.839,72.8478,72.85,56.8918,56.8457,56.8679,56.875,116
927.344,928.421,927.913,928,993.929,993.909,993.982,994,72.7923,72.8424,72.8481,72.825,56.8886,56.8386,56.8654,56.89,117
927.514,928.504,927.975,928.48,993.948,993.918,993.957,993.69,72.7899,72.8439,72.8465,72.83,56.8853,56.8326,56.8626,56.88,118
927.68,928.564,928.071,928.6685,993.97,993.929,993.935,993.5701,72.7867,72.843,72.8434,72.8266,56.8818,56.8277,56.8593,56.85,119
927.844,928.604,928.194,928.34,993.995,993.943,993.916,994.02,72.7827,72.8398,72.8392,72.84,56.8781,56.8239,56.8556,56.82,120
928.005,928.629,928.331,928.15,994.023,993.96,993.899,993.95,72.7781,72.834,72.834,72.84,56.8744,56.8212,56.8515,56.835,121
928.161,928.641,928.466,928.55,994.053,993.978,993.886,993.73,72.773,72.8259,72.8281,72.83,56.8706,56.8196,56.8471,56.84,122
928.313,928.646,928.583,928.4,994.084,993.999,993.877,993.7987,72.7674,72.8155,72.8212,72.81,56.8668,56.8188,56.8424,56.835,123
928.461,928.647,928.671,927.9643,994.116,994.022,993.875,993.8048,72.7616,72.8034,72.8132,72.79,56.8629,56.8188,56.8377,56.8158,124
928.603,928.648,928.725,928.25,994.149,994.048,993.883,993.87,72.7557,72.7898,72.8037,72.79,56.859,56.8195,56.8333,56.83,125
928.739,928.651,928.747,928.25,994.183,994.076,993.904,993.63,72.7499,72.7754,72.7924,72.75,56.855,56.8205,56.8292,56.815,126
928.868,928.659,928.749,928.69,994.216,994.107,993.941,993.795,72.7444,72.7606,72.7794,72.755,56.8512,56.8219,56.8259,56.835,127
928.991,928.674,928.745,928.73,994.249,994.142,993.996,993.875,72.7392,72.7462,72.7647,72.755,56.8473,56.8234,56.8233,56.83,128
929.107,928.698,928.754,929.2748,994.281,994.18,994.069,994.105,72.7346,72.7328,72.7487,72.7554,56.8436,56.825,56.8217,56.81,129
929.216,928.732,928.791,929.54,994.312,994.222,994.158,994.67,72.7307,72.7207,72.7321,72.745,56.8399,56.8266,56.8212,56.84,130
929.317,928.775,928.868,929.291,994.342,994.267,994.26,994.28,72.7275,72.7107,72.7159,72.74,56.8364,56.828,56.8217,56.845,131
929.409,928.827,928.986,929.19,994.369,994.316,994.369,994.76,72.7252,72.7029,72.7011,72.71,56.8329,56.8293,56.8232,56.825,132
929.494,928.886,929.14,928.995,994.395,994.368,994.48,994.66,72.7238,72.6977,72.6889,72.7,56.8297,56.8306,56.8255,56.81,133
929.57,928.951,929.316,928.99,994.418,994.423,994.586,994.8,72.7233,72.6952,72.6802,72.69,56.8266,56.8317,56.8285,56.805,134
929.637,929.021,929.492,929,994.438,994.479,994.679,994.8,72.7237,72.6953,72.6759,72.64,56.8237,56.8328,56.8319,56.82,135
929.695,929.092,929.645,929.645,994.456,994.537,994.756,994.7,72.725,72.6978,72.6765,72.665,56.821,56.8339,56.8354,56.82,136
929.744,929.162,929.753,929.74,994.471,994.594,994.811,994.62,72.727,72.7025,72.6817,72.665,56.8185,56.8351,56.8387,56.81,137
929.785,929.229,929.8,929.77,994.484,994.649,994.845,994.94,72.7297,72.709,72.6912,72.67,56.8163,56.8364,56.8416,56.81,138
929.816,929.291,929.778,929.74,994.493,994.701,994.858,994.7101,72.7329,72.7166,72.7041,72.72,56.8143,56.8378,56.8438,56.83,139
929.839,929.345,929.688,929.64,994.5,994.747,994.851,994.59,72.7365,72.7251,72.719,72.745,56.8125,56.8394,56.8452,56.829,140
929.852,929.389,929.543,929.35,994.503,994.787,994.83,994.87,72.7403,72.7337,72.7345,72.77,56.8111,56.841,56.8456,56.86,141
929.856,929.423,929.364,929.457,994.504,994.819,994.799,994.8675,72.7441,72.742,72.7492,72.76,56.8099,56.8426,56.8449,56.845,142
929.852,929.445,929.176,929.42,994.502,994.84,994.761,994.92,72.7478,72.7495,72.7616,72.77,56.8089,56.8441,56.8432,56.85,143
929.839,929.455,929.004,929.27,994.498,994.851,994.719,994.72,72.7512,72.7558,72.7707,72.79,56.8083,56.8454,56.8406,56.83,144
929.818,929.452,928.873,929.2745,994.492,994.848,994.678,994.39,72.7541,72.7607,72.7758,72.825,56.808,56.8464,56.8371,56.86,145
929.788,929.438,928.796,929.14,994.484,994.832,994.636,994.25,72.7564,72.7639,72.7768,72.82,56.8079,56.8468,56.8331,56.86,146
929.751,929.413,928.781,929.3246,994.474,994.803,994.596,994.2724,72.758,72.7654,72.7739,72.7775,56.8081,56.8467,56.8286,56.865,147
929.706,929.378,928.823,929,994.462,994.76,994.555,994.2222,72.7587,72.7652,72.7677,72.7649,56.8086,56.8459,56.8241,56.85,148
929.654,929.335,928.908,929.2,994.45,994.703,994.515,994.3897,72.7585,72.7635,72.7594,72.74,56.8094,56.8443,56.8196,56.84,149
929.595,929.286,929.017,928.74,994.436,994.635,994.474,994.4,72.7573,72.7606,72.75,72.72,56.8104,56.8419,56.8155,56.81,150
929.53,929.233,929.127,928.8,994.423,994.555,994.432,994.53,72.7552,72.7566,72.7408,72.75,56.8117,56.8387,56.8119,56.795,151
929.458,929.176,929.215,929.02,994.409,994.467,994.391,994.72,72.7521,72.752,72.7327,72.7,56.8132,56.8347,56.809,56.795,152
929.381,929.119,929.265,929.11,994.396,994.373,994.35,994.47,72.7481,72.747,72.7267,72.705,56.815,56.8302,56.8069,56.8,153
929.298,929.063,929.266,928.99,994.384,994.275,994.311,994.41,72.7433,72.7421,72.7231,72.695,56.817,56.8253,56.8057,56.8,154
929.211,929.008,929.217,929.32,994.373,994.176,994.274,994.33,72.7377,72.7373,72.722,72.715,56.8192,56.8202,56.8053,56.795,155
929.12,928.957,929.125,929.31,994.364,994.08,994.239,994.42,72.7315,72.733,72.7232,72.7035,56.8216,56.8152,56.8057,56.81,156
929.025,928.909,929.005,929.14,994.356,993.99,994.204,994.344,72.7249,72.7293,72.726,72.7299,56.8242,56.8107,56.8069,56.805,157
928.926,928.865,928.875,929,994.351,993.91,994.167,994.35,72.718,72.7262,72.7298,72.74,56.827,56.8068,56.8088,56.81,158
928.825,928.824,928.751,928.6633,994.349,993.842,994.125,993.88,72.7109,72.7237,72.7337,72.72,56.8298,56.8041,56.8112,56.81,159
928.721,928.786,928.651,928.46,994.35,993.789,994.076,993.74,72.7038,72.7217,72.7368,72.72,56.8328,56.8026,56.8141,56.815,160
928.616,928.75,928.585,928.815,994.354,993.755,994.017,993.62,72.6969,72.7199,72.7386,72.7,56.8359,56.8027,56.8173,56.82,161
928.509,928.715,928.555,928.565,994.363,993.742,993.95,993.85,72.6903,72.7182,72.7385,72.71,56.8391,56.8044,56.821,56.85,162
928.402,928.679,928.56,929.12,994.375,993.75,993.878,993.74,72.6841,72.7163,72.7362,72.72,56.8423,56.808,56.8249,56.84,163
928.294,928.641,928.589,929.14,994.391,993.781,993.807,994.0038,72.6784,72.714,72.7318,72.72,56.8456,56.8134,56.8292,56.83,164
928.187,928.599,928.629,928.501,994.412,993.835,993.746,993.69,72.6733,72.7111,72.7255,72.715,56.8489,56.8204,56.8338,56.815,165
928.08,928.551,928.665,928.83,994.437,993.912,993.707,993.785,72.6688,72.7074,72.7175,72.735,56.8522,56.829,56.8389,56.84,166
927.974,928.496,928.684,928.615,994.467,994.01,993.703,994,72.665,72.7027,72.7084,72.7301,56.8554,56.8388,56.8443,56.84,167
927.87,928.433,928.674,929.01,994.502,994.129,993.745,993.86,72.6618,72.6971,72.6985,72.74,56.8586,56.8495,56.8502,56.85,168
927.767,928.36,928.63,928.5,994.541,994.264,993.843,993.995,72.6592,72.6906,72.6882,72.745,56.8617,56.8607,56.8567,56.855,169
927.667,928.278,928.55,928.1592,994.585,994.415,994.002,993.88,72.6572,72.6833,72.6779,72.7387,56.8647,56.872,56.8635,56.8668,170
927.57,928.185,928.437,928.31,994.634,994.577,994.221,994.09,72.6556,72.6753,72.6678,72.705,56.8676,56.8829,56.8708,56.877,171
927.475,928.082,928.298,928.29,994.687,994.746,994.492,994.48,72.6543,72.667,72.6581,72.68,56.8703,56.893,56.8784,56.91,172
927.384,927.97,928.141,927.66,994.745,994.92,994.801,995.0408,72.6533,72.6585,72.6489,72.65,56.8729,56.9017,56.8861,56.88,173
927.296,927.85,927.973,927.81,994.807,995.093,995.13,994.79,72.6524,72.6503,72.6405,72.65,56.8753,56.9089,56.8938,56.895,174
927.212,927.723,927.801,927.31,994.873,995.261,995.455,995.18,72.6515,72.6426,72.6329,72.635,56.8776,56.9142,56.9012,56.88,175
927.133,927.59,927.629,927.355,994.943,995.423,995.753,995.57,72.6504,72.6356,72.6263,72.62,56.8796,56.9173,56.908,56.91,176
927.057,927.455,927.46,927.49,995.016,995.573,996.003,995.9,72.649,72.6295,72.621,72.575,56.8814,56.9183,56.9139,56.92,177
926.986,927.318,927.294,927.05,995.092,995.709,996.188,995.8208,72.6472,72.6246,72.6172,72.57,56.883,56.9171,56.9188,56.92,178
926.919,927.183,927.132,926.92,995.171,995.829,996.299,996.4099,72.6449,72.6208,72.615,72.56,56.8844,56.9138,56.9223,56.935,179
926.856,927.051,926.975,926.7,995.251,995.931,996.334,996.2517,72.642,72.6182,72.6145,72.56,56.8855,56.9088,56.9242,56.94,180
926.799,926.924,926.824,926.57,995.334,996.015,996.301,996.4,72.6386,72.6166,72.6156,72.63,56.8863,56.9023,56.9245,56.935,181
926.746,926.806,926.683,926.15,995.418,996.079,996.215,996.15,72.6345,72.6159,72.6181,72.635,56.8869,56.8947,56.923,56.925,182
926.698,926.697,926.557,926,995.502,996.124,996.095,996,72.6298,72.6157,72.6216,72.65,56.8872,56.8864,56.9197,56.905,183
926.654,926.599,926.451,926.0101,995.587,996.151,995.964,995.78,72.6245,72.6159,72.6255,72.62,56.8872,56.878,56.9149,56.905,184
926.615,926.513,926.371,926.18,995.672,996.162,995.846,996.02,72.6188,72.6162,72.6289,72.64,56.887,56.8698,56.9086,56.88,185
926.581,926.44,926.317,926.6,995.755,996.159,995.758,995.97,72.6126,72.6161,72.6312,72.6344,56.8865,56.8623,56.9012,56.9,186
926.551,926.38,926.292,926.78,995.838,996.145,995.714,995.98,72.6062,72.6156,72.6317,72.625,56.8858,56.8559,56.8928,56.88,187
926.525,926.333,926.291,927.18,995.918,996.123,995.719,995.93,72.5996,72.6142,72.6297,72.62,56.8847,56.8508,56.884,56.855,188
926.503,926.298,926.307,926.19,995.997,996.096,995.77,996.34,72.593,72.6121,72.6249,72.63,56.8835,56.8472,56.875,56.855,189
926.485,926.275,926.332,926.24,996.072,996.066,995.857,996.2151,72.5866,72.609,72.6174,72.61,56.8819,56.8452,56.8663,56.875,190
926.472,926.263,926.354,926.28,996.144,996.038,995.966,996.27,72.5806,72.605,72.6074,72.575,56.8802,56.8448,56.8581,56.855,191
926.461,926.26,926.365,926.48,996.213,996.013,996.078,996.2806,72.5751,72.6004,72.5958,72.6,56.8782,56.8458,56.8506,56.865,192
926.454,926.264,926.358,926.66,996.277,995.996,996.176,996.335,72.5702,72.5953,72.5834,72.6,56.876,56.8479,56.8442,56.8401,193
926.45,926.273,926.33,926.19,996.336,995.987,996.248,996.58,72.5662,72.59,72.5714,72.57,56.8736,56.851,56.8389,56.849,194
926.449,926.287,926.282,926.3,996.391,995.988,996.285,996.35,72.5631,72.5849,72.5612,72.58,56.871,56.8546,56.8348,56.85,195
926.451,926.302,926.221,926.56,996.44,996,996.285,996.3306,72.5611,72.5805,72.5538,72.56,56.8682,56.8582,56.8317,56.811,196
926.455,926.318,926.156,926.1204,996.483,996.024,996.256,996.35,72.5602,72.577,72.5501,72.565,56.8653,56.8614,56.8296,56.83,197
926.461,926.334,926.098,926.34,996.52,996.06,996.208,996.027,72.5604,72.5749,72.5507,72.58,56.8622,56.8639,56.8283,56.8331,198
926.468,926.347,926.059,926.35,996.552,996.105,996.155,996.07,72.5618,72.5745,72.5557,72.57,56.859,56.8653,56.8275,56.8,199
926.477,926.358,926.047,926.43,996.576,996.16,996.115,996.01,72.5644,72.5759,72.5648,72.59,56.8558,56.8653,56.827,56.755,200
926.488,926.365,926.066,926.48,996.594,996.221,996.101,996.08,72.568,72.5794,72.5773,72.61,56.8524,56.8636,56.8265,56.7947,201
926.499,926.368,926.115,926.32,996.606,996.287,996.122,996.0091,72.5726,72.5848,72.5922,72.605,56.849,56.8602,56.8257,56.805,202
926.511,926.368,926.189,926.63,996.611,996.354,996.181,996.36,72.5781,72.5922,72.6081,72.603,56.8456,56.8552,56.8246,56.815,203
926.524,926.364,926.278,926.51,996.609,996.42,996.276,996.51,72.5843,72.6011,72.6239,72.61,56.8421,56.8486,56.8229,56.85,204
926.537,926.357,926.371,926.85,996.6,996.481,996.395,996.33,72.5911,72.6113,72.6382,72.635,56.8387,56.8407,56.8206,56.84,205
926.55,926.349,926.456,926.6656,996.585,996.534,996.523,996.62,72.5983,72.6224,72.6503,72.6249,56.8353,56.8318,56.8177,56.875,206
926.562,926.339,926.524,926.845,996.563,996.577,996.642,996.75,72.6056,72.6338,72.6594,72.645,56.8319,56.8225,56.8144,56.89,207
926.574,926.329,926.571,926.54,996.535,996.607,996.735,996.52,72.613,72.645,72.6654,72.65,56.8286,56.813,56.8108,56.865,208
926.585,926.32,926.595,926.8,996.5,996.622,996.787,996.65,72.6203,72.6555,72.6685,72.6562,56.8254,56.804,56.807,56.845,209
926.596,926.313,926.601,926.52,996.46,996.62,996.789,996.49,72.6271,72.6646,72.6691,72.65,56.8223,56.7959,56.8035,56.775,210
926.606,926.309,926.596,926.17,996.415,996.6,996.737,996.5,72.6335,72.6721,72.6679,72.665,56.8194,56.7892,56.8005,56.8,211
926.614,926.309,926.588,926.5,996.363,996.562,996.636,996.3986,72.6392,72.6775,72.6658,72.66,56.8166,56.7842,56.7982,56.76,212
926.621,926.313,926.587,926,996.307,996.506,996.496,996.36,72.6442,72.6806,72.6634,72.66,56.814,56.7813,56.7969,56.79,213
926.627,926.322,926.598,926.0002,996.247,996.432,996.332,996.24,72.6483,72.6813,72.6614,72.66,56.8115,56.7806,56.7967,56.78,214
926.632,926.336,926.62,926.29,996.182,996.342,996.162,996.32,72.6514,72.6796,72.66,72.645,56.8093,56.7823,56.7978,56.8048,215
926.635,926.355,926.65,926.295,996.113,996.238,996.001,995.8945,72.6537,72.6756,72.6594,72.615,56.8073,56.7861,56.8002,56.82,216
926.636,926.379,926.68,926.565,996.041,996.122,995.863,995.91,72.655,72.6697,72.6592,72.6342,56.8055,56.7921,56.8039,56.825,217
926.636,926.407,926.7,926.67,995.966,995.997,995.756,995.79,72.6554,72.6622,72.659,72.66,56.8039,56.7998,56.8087,56.85,218
926.635,926.439,926.697,926.515,995.889,995.866,995.68,995.53,72.655,72.6536,72.6582,72.66,56.8026,56.8088,56.8143,56.835,219
926.632,926.473,926.663,926.62,995.809,995.732,995.633,995.79,72.6538,72.6443,72.6561,72.67,56.8015,56.8187,56.8206,56.835,220
926.628,926.509,926.596,926.615,995.727,995.599,995.605,995.34,72.652,72.635,72.6524,72.66,56.8007,56.829,56.8271,56.83,221
926.622,926.546,926.497,926.47,995.645,995.469,995.584,995.34,72.6496,72.626,72.6468,72.66,56.8002,56.8391,56.8336,56.85,222
926.615,926.583,926.378,926.14,995.561,995.346,995.555,995.42,72.647,72.6178,72.6393,72.67,56.8,56.8484,56.8397,56.85,223
926.606,926.619,926.253,926.18,995.477,995.231,995.509,995.3,72.644,72.6109,72.6302,72.6717,56.8,56.8565,56.845,56.83,224
926.597,926.653,926.142,926.295,995.393,995.127,995.436,995.47,72.6411,72.6054,72.6202,72.67,56.8004,56.8629,56.8494,56.815,225
926.586,926.685,926.066,926.45,995.309,995.036,995.334,995.22,72.6381,72.6016,72.6101,72.64,56.801,56.8674,56.8527,56.8001,226
926.575,926.713,926.04,926.495,995.226,994.958,995.207,995.2234,72.6354,72.5995,72.6008,72.58,56.8019,56.8697,56.8546,56.835,227
926.563,926.738,926.075,926.29,995.143,994.894,995.061,994.93,72.633,72.599,72.5932,72.57,56.803,56.8696,56.8553,56.86,228
926.55,926.759,926.173,926.26,995.062,994.844,994.909,994.995,72.6309,72.6,72.588,72.58,56.8044,56.8674,56.8548,56.839,229
926.537,926.775,926.326,926.14,994.982,994.808,994.766,994.39,72.6293,72.6022,72.5856,72.5744,56.8061,56.8631,56.8532,56.83,230
926.524,926.788,926.516,926.2,994.904,994.783,994.643,994.57,72.6283,72.6053,72.5861,72.57,56.8081,56.8571,56.8507,56.84,231
926.51,926.798,926.719,926.63,994.827,994.769,994.554,994.81,72.6277,72.6089,72.5893,72.59,56.8102,56.8496,56.8477,56.815,232
926.497,926.804,926.911,926.3636,994.753,994.762,994.503,994.6761,72.6276,72.6126,72.5946,72.6,56.8127,56.8413,56.8445,56.81,233
926.484,926.807,927.065,926.995,994.68,994.762,994.494,994.84,72.628,72.616,72.6011,72.58,56.8153,56.8326,56.8412,56.86,234
926.472,926.808,927.163,926.92,994.61,994.765,994.521,994.835,72.6288,72.619,72.6079,72.59,56.8182,56.824,56.8383,56.83,235
926.46,926.807,927.193,927.18,994.542,994.768,994.577,994.7088,72.6299,72.621,72.6139,72.61,56.8212,56.8161,56.8359,56.84,236
926.45,926.804,927.158,927.12,994.476,994.769,994.649,994.52,72.6312,72.6221,72.6185,72.6244,56.8245,56.8094,56.8343,56.84,237
926.44,926.8,927.067,926.7701,994.411,994.766,994.722,994.41,72.6326,72.6221,72.6209,72.62,56.8279,56.8042,56.8336,56.825,238
926.431,926.795,926.941,926.87,994.349,994.755,994.785,994.73,72.634,72.6209,72.6209,72.605,56.8314,56.8008,56.8337,56.84,239
926.424,926.79,926.807,926.66,994.289,994.735,994.825,994.69,72.6351,72.6187,72.6187,72.62,56.8351,56.7996,56.8348,56.84,240
926.418,926.784,926.689,926.835,994.231,994.704,994.834,994.39,72.636,72.6157,72.6146,72.6252,56.8389,56.8005,56.8367,56.8364,241
926.414,926.777,926.612,926.7,994.174,994.661,994.809,994.73,72.6364,72.6119,72.6093,72.59,56.8428,56.8035,56.8391,56.83,242
926.412,926.769,926.59,926.88,994.118,994.606,994.75,994.66,72.6363,72.6078,72.6037,72.6,56.8468,56.8085,56.842,56.83,243
926.412,926.76,926.627,926.95,994.064,994.537,994.662,994.68,72.6356,72.6035,72.5985,72.6,56.8508,56.8152,56.8451,56.8333,244
926.414,926.75,926.716,926.805,994.011,994.454,994.551,994.54,72.6343,72.5993,72.5946,72.61,56.8549,56.8232,56.8481,56.85,245
926.417,926.737,926.841,926.69,993.958,994.36,994.423,994.47,72.6322,72.5954,72.5923,72.6244,56.859,56.8322,56.8508,56.845,246
926.423,926.723,926.977,926.99,993.906,994.254,994.288,994.32,72.6293,72.5921,72.592,72.615,56.8632,56.8417,56.8531,56.845,247
926.431,926.705,927.097,927,993.854,994.138,994.149,994.11,72.6258,72.5893,72.5936,72.62,56.8673,56.8513,56.8547,56.845,248
926.442,926.685,927.175,927.35,993.802,994.013,994.012,994.22,72.6217,72.5873,72.5965,72.61,56.8714,56.8604,56.8558,56.87,249
926.454,926.661,927.192,926.93,993.75,993.882,993.876,994.02,72.617,72.5859,72.6002,72.5944,56.8755,56.8687,56.8561,56.905,250
926.469,926.634,927.138,926.7901,993.697,993.747,993.743,994,72.6118,72.5851,72.604,72.585,56.8795,56.8759,56.8559,56.885,251
926.486,926.605,927.015,927.065,993.643,993.61,993.609,993.995,72.6063,72.5848,72.6071,72.5882,56.8834,56.8817,56.8553,56.89,252
926.506,926.573,926.836,926.94,993.588,993.472,993.475,993.78,72.6006,72.5848,72.6087,72.585,56.8872,56.886,56.8544,56.875,253
926.527,926.539,926.622,927.18,993.531,993.337,993.337,993.51,72.5949,72.5848,72.6084,72.59,56.891,56.8887,56.8534,56.865,254
926.551,926.505,926.399,926.4167,993.474,993.206,993.196,993.37,72.5894,72.5847,72.6059,72.63,56.8946,56.89,56.8527,56.88,255
926.577,926.471,926.196,926.12,993.414,993.08,993.054,993,72.5843,72.5844,72.6014,72.61,56.8982,56.8899,56.8524,56.85,256
926.604,926.439,926.036,926.16,993.352,992.961,992.914,993.01,72.5797,72.5836,72.5952,72.605,56.9015,56.8889,56.8529,56.855,257
926.634,926.41,925.935,926.19,993.288,992.851,992.781,992.83,72.5758,72.5825,72.5878,72.605,56.9048,56.8871,56.8542,56.85,258
926.665,926.385,925.901,926.03,993.222,992.749,992.661,992.9,72.5728,72.5809,72.58,72.575,56.9079,56.8849,56.8565,56.86,259
926.698,926.366,925.93,926.4,993.154,992.657,992.557,992.5,72.5708,72.5789,72.5724,72.56,56.9108,56.8829,56.86,56.87,260
926.732,926.355,926.01,926.33,993.083,992.574,992.473,992.07,72.5699,72.5768,72.5659,72.5653,56.9136,56.8813,56.8646,56.869,261
926.767,926.353,926.123,926.1479,993.01,992.501,992.411,992.06,72.5702,72.5748,72.561,72.53,56.9163,56.8805,56.8703,56.85,262
926.804,926.36,926.249,926.2668,992.934,992.437,992.37,992.35,72.5718,72.5731,72.5582,72.5602,56.9187,56.8809,56.877,56.86,263
926.841,926.379,926.369,926.26,992.857,992.381,992.347,992.1,72.5746,72.5721,72.5575,72.56,56.921,56.8827,56.8846,56.8352,264
926.879,926.409,926.468,926.3672,992.776,992.333,992.337,992.12,72.5787,72.5721,72.5591,72.55,56.9231,56.886,56.8928,56.86,265
926.918,926.45,926.541,926.82,992.694,992.291,992.334,992.52,72.584,72.5734,72.5627,72.55,56.9251,56.8909,56.9014,56.905,266
926.957,926.503,926.588,926.7803,992.61,992.254,992.332,992.42,72.5905,72.5764,72.5682,72.555,56.9269,56.8974,56.9103,56.935,267
926.997,926.567,926.618,927.0225,992.524,992.222,992.326,992.5,72.5979,72.5812,72.5752,72.5738,56.9285,56.9053,56.9191,56.945,268
927.036,926.641,926.643,926.96,992.436,992.192,992.311,992.4,72.6063,72.5879,72.5835,72.595,56.93,56.9143,56.9277,56.94,269
927.075,926.723,926.677,926.58,992.347,992.165,992.286,992.455,72.6154,72.5967,72.5929,72.62,56.9313,56.9243,56.9359,56.94,270
927.114,926.812,926.732,926.5,992.257,992.138,992.25,992.22,72.6251,72.6073,72.6033,72.6134,56.9325,56.9347,56.9435,56.92,271
927.152,926.906,926.818,926.56,992.166,992.112,992.204,992.25,72.6351,72.6196,72.6146,72.64,56.9335,56.9453,56.9505,56.94,272
927.19,927.002,926.934,927.1699,992.075,992.084,992.152,992.14,72.6454,72.6333,72.6268,72.67,56.9344,56.9555,56.9567,56.955,273
927.227,927.099,927.076,926.9317,991.983,992.055,992.096,992.23,72.6557,72.648,72.6399,72.65,56.9352,56.9651,56.9622,56.967,274
927.262,927.193,927.23,927.11,991.892,992.023,992.038,992.12,72.6659,72.6633,72.6538,72.67,56.9358,56.9735,56.9669,56.98,275
927.297,927.282,927.382,927.265,991.801,991.988,991.98,991.8,72.6757,72.6785,72.6684,72.6587,56.9364,56.9806,56.9708,56.975,276
927.33,927.364,927.515,927.555,991.712,991.95,991.923,991.8,72.6851,72.6933,72.6834,72.6631,56.9369,56.9861,56.974,56.97,277
927.362,927.438,927.614,927.43,991.624,991.908,991.866,991.77,72.694,72.7071,72.6982,72.68,56.9373,56.9898,56.9766,56.975,278
927.392,927.5,927.67,927.83,991.538,991.863,991.808,991.71,72.7021,72.7194,72.7124,72.67,56.9376,56.9916,56.9785,56.97,279
927.421,927.551,927.681,927.6308,991.454,991.814,991.747,991.71,72.7096,72.7299,72.7253,72.65,56.9379,56.9915,56.9799,56.9645,280
927.448,927.589,927.651,927.58,991.372,991.76,991.682,991.77,72.7164,72.7383,72.7364,72.66,56.9382,56.9897,56.9807,56.979,281
927.473,927.614,927.592,927.2092,991.294,991.703,991.613,991.51,72.7224,72.7445,72.7453,72.7262,56.9384,56.9863,56.9808,56.98,282
927.497,927.626,927.521,927.18,991.219,991.642,991.54,991.58,72.7277,72.7485,72.7515,72.79,56.9385,56.9816,56.9804,56.97,283
927.519,927.626,927.454,927.03,991.148,991.576,991.466,991.62,72.7323,72.7503,72.7551,72.77,56.9387,56.9758,56.9794,56.97,284
927.539,927.616,927.409,926.86,991.08,991.507,991.393,991.26,72.7364,72.7502,72.7563,72.78,56.9389,56.9692,56.9777,56.97,285
927.557,927.597,927.396,927.24,991.018,991.435,991.325,991.56,72.74,72.7487,72.7555,72.78,56.9391,56.9623,56.9754,56.985,286
927.573,927.571,927.42,926.8088,990.959,991.359,991.265,991.688,72.7432,72.746,72.7535,72.7602,56.9393,56.9553,56.9725,56.9831,287
927.588,927.54,927.479,926.98,990.906,991.28,991.216,991.27,72.7463,72.7427,72.7509,72.76,56.9395,56.9486,56.969,56.96,288
927.601,927.508,927.565,927.5752,990.858,991.198,991.177,991.25,72.7492,72.7394,72.7487,72.765,56.9398,56.9423,56.9649,56.9666,289
927.613,927.478,927.663,927.4684,990.815,991.115,991.148,991.21,72.7522,72.7366,72.7475,72.78,56.9401,56.9368,56.9604,56.963,290
927.623,927.451,927.757,927.53,990.777,991.03,991.123,991.35,72.7554,72.7347,72.748,72.777,56.9405,56.9321,56.9555,56.96,291
927.631,927.431,927.832,927.68,990.745,990.945,991.097,991.22,72.7589,72.7341,72.7504,72.76,56.9409,56.9285,56.9506,56.97,292
927.639,927.419,927.875,927.245,990.718,990.86,991.063,991.13,72.7627,72.7352,72.7548,72.765,56.9414,56.9258,56.9456,56.94,293
927.646,927.419,927.881,927.816,990.697,990.777,991.014,990.91,72.767,72.7382,72.7609,72.78,56.942,56.9241,56.9409,56.95,294
927.651,927.431,927.849,928.32,990.681,990.696,990.945,991.04,72.7718,72.7431,72.768,72.77,56.9426,56.9234,56.9366,56.94,295
927.656,927.456,927.785,927.84,990.671,990.62,990.853,990.73,72.7772,72.7498,72.7757,72.7602,56.9434,56.9235,56.933,56.91,296
927.66,927.495,927.701,928.165,990.666,990.548,990.738,990.5,72.783,72.7583,72.7831,72.79,56.9442,56.9243,56.9301,56.92,297
927.664,927.547,927.613,928.138,990.666,990.484,990.606,990.24,72.7894,72.7681,72.7895,72.7735,56.9451,56.9257,56.9282,56.9101,298
927.668,927.612,927.534,928.02,990.671,990.429,990.463,990.025,72.7962,72.779,72.7946,72.76,56.946,56.9275,56.9273,56.93,299
927.672,927.688,927.478,928,990.681,990.383,990.32,990.3,72.8034,72.7905,72.798,72.76,56.9471,56.9296,56.9275,56.92,300
927.676,927.773,927.456,927.94,990.695,990.349,990.19,990.21,72.8108,72.8021,72.7999,72.79,56.9482,56.9319,56.9287,56.905,301
927.68,927.864,927.472,927.91,990.713,990.327,990.086,990.1,72.8183,72.8134,72.8005,72.8,56.9494,56.9343,56.9308,56.9035,302
927.685,927.96,927.525,927.71,990.735,990.319,990.018,990.05,72.8258,72.824,72.8006,72.8,56.9506,56.9367,56.9337,56.93,303
927.69,928.056,927.61,927.96,990.76,990.326,989.996,990.09,72.8331,72.8334,72.8008,72.82,56.9519,56.9391,56.9372,56.945,304
927.697,928.15,927.72,927.97,990.787,990.347,990.024,989.92,72.8401,72.8413,72.8018,72.82,56.9533,56.9416,56.9411,56.97,305
927.705,928.238,927.845,928.13,990.818,990.384,990.102,990.3,72.8466,72.8477,72.8043,72.8072,56.9547,56.9441,56.9452,56.95,306
927.714,928.318,927.976,928.335,990.85,990.435,990.226,990.1225,72.8526,72.8524,72.8087,72.8001,56.9561,56.9466,56.9491,56.95,307
927.724,928.386,928.103,928.033,990.883,990.5,990.386,990.04,72.8577,72.8554,72.8151,72.8199,56.9576,56.9493,56.9528,56.98,308
927.736,928.44,928.221,928.29,990.917,990.578,990.571,990.16,72.8621,72.8568,72.8233,72.831,56.9591,56.9522,56.956,56.97,309
927.75,928.479,928.326,928.33,990.952,990.668,990.768,990.2625,72.8655,72.8569,72.8327,72.845,56.9606,56.9552,56.9585,56.985,310
927.766,928.501,928.414,927.66,990.986,990.767,990.964,990.7,72.868,72.856,72.8427,72.84,56.9621,56.9585,56.9604,56.985,311
927.784,928.506,928.485,928.06,991.02,990.872,991.145,990.8956,72.8694,72.8542,72.8522,72.8382,56.9636,56.962,56.9616,56.98,312
927.804,928.494,928.537,927.9696,991.053,990.982,991.302,991.38,72.8699,72.8521,72.8603,72.87,56.965,56.9656,56.9621,56.975,313
927.826,928.464,928.569,928.4,991.084,991.093,991.428,991.33,72.8694,72.8499,72.8663,72.85,56.9664,56.9694,56.962,56.96,314
927.85,928.42,928.579,928.73,991.113,991.202,991.52,991.4,72.868,72.8479,72.8695,72.865,56.9678,56.9731,56.9615,56.95,315
927.876,928.363,928.565,928.695,991.14,991.306,991.577,991.99,72.8658,72.8463,72.8699,72.855,56.9691,56.9768,56.9607,56.95,316
927.905,928.295,928.526,928.38,991.163,991.401,991.601,991.85,72.863,72.8454,72.8675,72.87,56.9703,56.9802,56.9599,56.955,317
927.935,928.219,928.462,928.32,991.184,991.486,991.599,991.6701,72.8596,72.8451,72.8629,72.835,56.9714,56.9832,56.9592,56.96,318
927.968,928.139,928.375,928.68,991.2,991.556,991.574,991.35,72.8558,72.8456,72.8571,72.84,56.9725,56.9857,56.9587,56.9744,319
928.003,928.058,928.272,928.6025,991.212,991.609,991.534,991.43,72.8518,72.8468,72.851,72.84,56.9734,56.9875,56.9586,56.975,320
928.04,927.979,928.161,928.31,991.22,991.644,991.484,991.42,72.8478,72.8485,72.8457,72.8556,56.9742,56.9884,56.9591,56.95,321
928.079,927.907,928.051,928.48,991.223,991.658,991.429,991.51,72.8439,72.8506,72.8421,72.88,56.9749,56.9885,56.96,56.97,322
928.119,927.843,927.955,928.13,991.221,991.652,991.374,991.55,72.8403,72.8527,72.841,72.89,56.9754,56.9877,56.9613,56.98,323
928.161,927.79,927.883,928.03,991.214,991.624,991.322,991.66,72.8372,72.8548,72.8427,72.885,56.9758,56.986,56.963,56.96,324
928.204,927.751,927.843,927.95,991.202,991.575,991.273,991.49,72.8346,72.8565,72.8471,72.86,56.9761,56.9833,56.965,56.95,325
928.249,927.728,927.838,927.84,991.184,991.505,991.228,991.29,72.8328,72.8577,72.8537,72.889,56.9762,56.9798,56.9669,56.95,326
928.294,927.721,927.867,927.71,991.161,991.417,991.188,991.06,72.8317,72.8582,72.8617,72.865,56.9761,56.9757,56.9688,56.99,327
928.34,927.73,927.922,927.81,991.133,991.313,991.15,991.19,72.8315,72.8581,72.8701,72.88,56.9758,56.9711,56.9702,56.98,328
928.386,927.755,927.993,927.97,991.1,991.195,991.114,991.32,72.8321,72.8572,72.8778,72.87,56.9754,56.9662,56.9712,56.97,329
928.432,927.795,928.065,927.8,991.062,991.066,991.074,991.39,72.8336,72.8558,72.8836,72.85,56.9748,56.9612,56.9714,56.95,330
928.478,927.849,928.124,927.855,991.019,990.931,991.029,990.89,72.8358,72.8538,72.8868,72.855,56.9741,56.9563,56.9709,56.91,331
928.523,927.914,928.159,927.85,990.971,990.791,990.974,991.01,72.8389,72.8516,72.8869,72.855,56.9731,56.9517,56.9696,56.965,332
928.567,927.988,928.163,927.892,990.919,990.652,990.905,990.84,72.8425,72.8494,72.8837,72.84,56.972,56.9477,56.9676,56.955,333
928.61,928.068,928.134,927.63,990.863,990.517,990.818,990.85,72.8467,72.8474,72.8777,72.825,56.9708,56.9442,56.9649,56.95,334
928.651,928.151,928.08,927.76,990.803,990.39,990.712,990.365,72.8512,72.846,72.8695,72.83,56.9693,56.9415,56.9616,56.935,335
928.69,928.234,928.012,927.85,990.74,990.272,990.587,990.35,72.856,72.8453,72.8601,72.825,56.9678,56.9397,56.9581,56.93,336
928.726,928.314,927.945,927.95,990.674,990.169,990.443,990.55,72.8608,72.8456,72.8506,72.83,56.966,56.9386,56.9545,56.925,337
928.76,928.388,927.898,928.15,990.605,990.08,990.288,990.52,72.8654,72.847,72.8422,72.865,56.9642,56.9383,56.9511,56.935,338
928.79,928.455,927.884,928.15,990.535,990.009,990.126,990.55,72.8698,72.8496,72.8357,72.855,56.9622,56.9386,56.9481,56.945,339
928.816,928.513,927.914,928.19,990.463,989.956,989.97,990.18,72.8738,72.8533,72.8319,72.865,56.9601,56.9395,56.9457,56.949,340
928.839,928.56,927.992,928.13,990.391,989.921,989.829,990,72.8772,72.858,72.8311,72.85,56.958,56.9408,56.9441,56.95,341
928.857,928.596,928.113,928.04,990.318,989.904,989.715,989.83,72.8799,72.8635,72.8334,72.87,56.9557,56.9422,56.9433,56.95,342
928.87,928.621,928.265,928.28,990.246,989.904,989.639,989.92,72.8818,72.8695,72.8383,72.86,56.9534,56.9438,56.9434,56.98,343
928.878,928.634,928.431,928.39,990.174,989.919,989.606,989.66,72.8828,72.8757,72.8451,72.87,56.951,56.9452,56.9444,56.97,344
928.88,928.639,928.592,928.75,990.104,989.947,989.622,989.74,72.8829,72.8816,72.8531,72.865,56.9486,56.9463,56.946,56.99,345
928.877,928.635,928.729,928.5608,990.036,989.985,989.683,989.59,72.8822,72.887,72.8614,72.8775,56.9462,56.9471,56.9482,56.955,346
928.867,928.624,928.826,928.7496,989.971,990.03,989.785,989.65,72.8806,72.8915,72.8691,72.8844,56.9438,56.9475,56.9508,56.93,347
928.851,928.61,928.876,928.69,989.909,990.079,989.916,989.9,72.8781,72.8948,72.8755,72.89,56.9414,56.9474,56.9533,56.925,348
928.828,928.594,928.879,928.45,989.85,990.128,990.063,990.28,72.8749,72.8967,72.8803,72.9,56.939,56.947,56.9557,56.9501,349
928.798,928.577,928.843,928.64,989.796,990.175,990.209,990.26,72.8711,72.897,72.8833,72.88,56.9368,56.9462,56.9577,56.97,350
928.76,928.563,928.781,928.31,989.746,990.216,990.338,990.62,72.8668,72.8957,72.8844,72.88,56.9346,56.9453,56.9591,56.97,351
928.716,928.553,928.711,928.42,989.701,990.248,990.438,990.21,72.8622,72.8929,72.8841,72.88,56.9325,56.9445,56.9599,56.945,352
928.663,928.548,928.651,928.5,989.662,990.269,990.499,990.28,72.8573,72.8888,72.8828,72.85,56.9306,56.9437,56.9599,56.96,353
928.603,928.548,928.614,928.68,989.629,990.277,990.515,990.52,72.8525,72.8837,72.8809,72.845,56.9289,56.9434,56.9592,56.955,354
928.536,928.553,928.609,928.648,989.602,990.272,990.487,990.91,72.8477,72.8779,72.879,72.84,56.9273,56.9435,56.9579,56.97,355
928.46,928.564,928.637,928.775,989.581,990.252,990.42,990.54,72.8432,72.8718,72.8773,72.88,56.9259,56.9444,56.9564,56.99,356
928.376,928.578,928.688,929.04,989.567,990.218,990.325,990.28,72.8392,72.866,72.8761,72.888,56.9247,56.9459,56.9546,57,357
928.285,928.594,928.751,928.99,989.561,990.17,990.213,989.7,72.8357,72.8607,72.8756,72.895,56.9238,56.9483,56.9531,57,358
928.186,928.608,928.807,929.1675,989.561,990.111,990.095,989.8,72.8328,72.8565,72.8757,72.88,56.9231,56.9515,56.952,56.965,359
928.079,928.618,928.837,929.31,989.569,990.041,989.984,989.92,72.8307,72.8537,72.8763,72.87,56.9227,56.9553,56.9515,56.965,360
927.964,928.62,928.828,929.04,989.584,989.965,989.885,989.84,72.8293,72.8524,72.8774,72.87,56.9226,56.9597,56.9519,56.94,361
927.842,928.61,928.771,928.52,989.606,989.884,989.805,990.28,72.8287,72.8529,72.8787,72.855,56.9228,56.9644,56.9533,56.95,362
927.712,928.583,928.664,928.8,989.636,989.803,989.741,989.9,72.8289,72.8552,72.8801,72.89,56.9233,56.9692,56.9557,56.96,363
927.576,928.536,928.514,928.63,989.672,989.724,989.692,989.73,72.8298,72.8591,72.8818,72.8734,56.9242,56.9737,56.9589,56.965,364
927.433,928.465,928.333,928.375,989.716,989.652,989.651,989.44,72.8314,72.8644,72.8838,72.87,56.9254,56.9777,56.9627,56.96,365
927.283,928.367,928.139,928.155,989.767,989.589,989.612,989.16,72.8336,72.8708,72.8861,72.86,56.927,56.9808,56.9668,56.97,366
927.127,928.238,927.948,928.22,989.825,989.54,989.572,989.5064,72.8362,72.8779,72.8889,72.89,56.9289,56.9828,56.9708,56.955,367
926.965,928.077,927.771,927.93,989.888,989.506,989.528,989.16,72.8393,72.8851,72.8922,72.925,56.9312,56.9833,56.9742,56.965,368
926.798,927.883,927.616,927.8175,989.958,989.492,989.483,989.13,72.8425,72.892,72.8959,72.93,56.9338,56.9823,56.9765,56.965,369
926.626,927.654,927.478,927.09,990.034,989.498,989.443,989.3796,72.8458,72.8981,72.8997,72.93,56.9369,56.9797,56.9773,56.97,370
926.449,927.393,927.347,927.17,990.116,989.526,989.419,989.325,72.8491,72.9029,72.9034,72.925,56.9403,56.9754,56.9763,56.9636,371
926.269,927.1,927.204,927.11,990.202,989.576,989.42,989.58,72.8522,72.9061,72.9064,72.92,56.9441,56.9695,56.973,56.94,372
926.084,926.78,927.026,927.19,990.293,989.65,989.461,989.39,72.8551,72.9072,72.908,72.92,56.9482,56.9623,56.9674,56.925,373
925.897,926.434,926.793,926.97,990.388,989.745,989.549,989.39,72.8575,72.9062,72.9076,72.915,56.9528,56.9541,56.9596,56.925,374
925.707,926.069,926.486,927.31,990.487,989.862,989.69,,72.8595,72.903,72.9048,72.905,56.9576,56.9453,56.9497,56.915,375
925.515,925.689,926.099,927.63,990.589,989.998,989.883,,72.8609,72.8977,72.8991,72.885,56.9629,56.9364,56.9383,56.925,376
925.322,925.3,925.632,927.935,990.695,990.152,990.123,,72.8619,72.8905,72.8905,72.906,56.9684,56.9279,56.9259,56.935,377
925.127,924.909,925.101,927.8,990.802,990.32,990.395,,72.8623,72.8817,72.879,72.88,56.9743,56.9203,56.9134,56.93,378
,,,,,,,,72.8622,72.8718,72.8653,72.8456,56.9805,56.9142,56.9015,56.93,379
,,,,,,,,72.8616,72.8612,72.85,72.78,56.9869,56.9101,56.8914,56.94,380
,,,,,,,,72.8608,72.8506,72.8343,72.79,56.9937,56.9085,56.8839,56.92,381
,,,,,,,,72.8597,72.8405,72.8193,72.8,57.0006,56.9098,56.88,56.895,382
,,,,,,,,72.8585,72.8313,72.8061,72.79,57.0078,56.9141,56.8804,56.89,383
,,,,,,,,72.8574,72.8236,72.7958,72.81,57.0152,56.9216,56.8857,56.91,384
,,,,,,,,72.8565,72.8178,72.7892,72.815,57.0227,56.9324,56.8963,56.9,385
,,,,,,,,72.856,72.8141,72.7866,72.815,57.0304,56.9462,56.9123,56.9,386
,,,,,,,,72.856,72.8127,72.7883,72.805,57.0382,56.9629,56.9334,56.9,387
,,,,,,,,72.8567,72.8137,72.794,72.785,57.0461,56.9819,56.9591,56.89,388
,,,,,,,,72.8582,72.8171,72.8032,72.765,57.054,57.0028,56.9886,56.88,389
,,,,,,,,72.8606,72.8227,72.8149,72.72,57.0619,57.0249,57.021,56.82,390